<?xml version="1.0" encoding="UTF-8"?>
<!DOCTYPE mapper PUBLIC "-//mybatis.org//DTD Mapper 3.0//EN" "http://mybatis.org/dtd/mybatis-3-mapper.dtd">
<mapper namespace="com.example.retaildemo.mapper.ProductMapper">
    <!-- 查询商品名称相关的商品 -->
    <select id="findByKeyword" resultType="com.example.retaildemo.beans.Product">
        SELECT product.product_id,product.product_name,product.content,product_img.url FROM product INNER JOIN product_img on product.product_id = product_img.item_id
        WHERE product_name LIKE CONCAT('%', #{keyword}, '%')
    </select>

    <!-- 查询商品的参数信息 -->
    <select id="findParamsByProductId" resultType="com.example.retaildemo.beans.ProductParams">
        SELECT * FROM product_params
        WHERE product_id = #{productId}
    </select>

    <!-- 查询商品列表，基于商品名称，品牌，产地，商品内容进行筛选 -->
    <select id="searchWithFilters" resultType="com.example.retaildemo.beans.Product">
        SELECT p.* FROM product p
        LEFT JOIN product_params pp ON p.product_id = pp.product_id
        WHERE p.product_name LIKE CONCAT('%', #{keyword}, '%')
        <if test="brand != ''">
            AND pp.brand LIKE CONCAT('%', #{brand}, '%')
        </if>
        <if test="productPlace != ''">
            AND pp.product_place LIKE CONCAT('%', #{productPlace}, '%')
        </if>
        <if test="content != ''">
            AND p.content LIKE CONCAT('%', #{content}, '%')
        </if>
    </select>

    <!-- 通过商品名称获取基本信息 -->
    <select id="searchBasicInfoByKeyword" resultType="com.example.retaildemo.beans.Product">
        SELECT product_id, product_name FROM product
        WHERE product_name LIKE CONCAT('%', #{keyword}, '%')
    </select>

</mapper>
