<?xml version="1.0" encoding="UTF-8" ?>
<!DOCTYPE mapper
        PUBLIC "-//mybatis.org//DTD Mapper 3.0//EN"
        "http://mybatis.org/dtd/mybatis-3-mapper.dtd">
<mapper namespace="com.example.retaildemo.mapper.ArticleMapper">

    <!-- 动态 SQL -->
    <select id="list" resultType="com.example.retaildemo.beans.Article">
        SELECT * FROM article
        <where>
            <if test="categoryId != null">
                AND category_id = #{categoryId}
            </if>
            <if test="state != null">
                AND state = #{state}
            </if>
            <!-- 这里去掉了 and create_user=#{userId} -->
        </where>
    </select>

    <select id="listAll" resultType="com.example.retaildemo.beans.Article">
        SELECT * FROM article
    </select>

</mapper>
